Date,Ticket_Price,Visitors,Weather_Score,Promotion_Flag,Holiday_Flag,Weekend_Flag
2023-01-01,87.48,3935,5.89,0,0,1
2023-01-02,84.31,3415,7.85,0,0,0
2023-01-03,88.24,3412,7.04,0,0,0
2023-01-04,92.62,4079,5.72,0,1,0
2023-01-05,83.83,3323,7.98,0,0,0
2023-01-06,83.83,4490,10.0,1,1,0
2023-01-07,92.9,4773,6.62,1,1,1
2023-01-08,88.84,3855,8.44,0,0,1
2023-01-09,82.65,3467,4.41,0,0,0
2023-01-10,87.71,3191,5.09,0,0,0
2023-01-11,82.68,3414,7.94,0,0,0
2023-01-12,82.67,3592,9.97,0,0,0
2023-01-13,86.21,3303,7.71,0,0,0
2023-01-14,75.43,4224,6.37,1,0,1
2023-01-15,76.38,4017,7.0,0,0,1
2023-01-16,82.19,3269,4.5,0,0,0
2023-01-17,79.94,3501,8.21,0,0,0
2023-01-18,86.57,3419,8.76,0,0,0
2023-01-19,80.46,3248,6.1,0,0,0
2023-01-20,77.94,3455,6.06,0,0,0
2023-01-21,92.33,4028,7.53,0,0,1
2023-01-22,83.87,3869,6.13,0,0,1
2023-01-23,85.34,3712,6.87,1,0,0
2023-01-24,77.88,4390,10.0,0,1,0
2023-01-25,82.28,3275,6.51,0,0,0
2023-01-26,85.55,3528,6.28,0,0,0
2023-01-27,79.25,3713,5.7,1,0,0
2023-01-28,86.88,4118,8.49,0,0,1
2023-01-29,82.0,3838,6.64,0,0,1
2023-01-30,83.54,3831,5.7,1,0,0
2023-01-31,81.99,3939,9.64,1,0,0
2023-02-01,94.26,3504,9.84,0,0,0
2023-02-02,84.93,3664,5.8,1,0,0
2023-02-03,79.71,3241,3.27,0,0,0
2023-02-04,89.11,4079,9.02,0,0,1
2023-02-05,78.9,3906,5.63,0,0,1
2023-02-06,86.04,3271,8.58,0,0,0
2023-02-07,75.2,3189,3.06,0,0,0
2023-02-08,78.36,3537,8.79,0,0,0
2023-02-09,85.98,3300,4.58,0,0,0
2023-02-10,88.69,3430,8.46,0,0,0
2023-02-11,85.86,4014,7.03,0,0,1
2023-02-12,84.42,3615,5.09,0,0,1
2023-02-13,83.49,3388,6.19,0,0,0
2023-02-14,77.61,3360,8.37,0,0,0
2023-02-15,81.4,3522,7.21,0,0,0
2023-02-16,82.7,3472,8.17,0,0,0
2023-02-17,90.29,3839,10.0,1,0,0
2023-02-18,86.72,3640,3.87,0,0,1
2023-02-19,76.18,4266,10.0,0,0,1
2023-02-20,86.62,3498,7.21,0,0,0
2023-02-21,83.07,3387,5.2,0,0,0
2023-02-22,81.62,3287,4.34,0,0,0
2023-02-23,88.06,3708,6.62,1,0,0
2023-02-24,90.15,3369,8.84,0,0,0
2023-02-25,89.66,3926,6.74,0,0,1
2023-02-26,80.8,4256,10.0,0,0,1
2023-02-27,83.45,3377,4.1,0,0,0
2023-02-28,86.66,3309,6.98,0,0,0
2023-03-01,89.88,3262,4.5,0,0,0
2023-03-02,82.6,3331,7.73,0,0,0
2023-03-03,84.07,3555,8.77,0,0,0
2023-03-04,79.47,3958,6.16,0,0,1
2023-03-05,79.02,3812,1.79,1,0,1
2023-03-06,89.06,3263,7.4,0,0,0
2023-03-07,91.78,3347,7.87,0,0,0
2023-03-08,84.64,3413,7.81,0,0,0
2023-03-09,90.02,3352,9.47,0,0,0
2023-03-10,86.81,3613,4.86,1,0,0
2023-03-11,81.77,4025,8.36,0,0,1
2023-03-12,86.81,3981,9.39,0,0,1
2023-03-13,92.69,3369,3.44,1,0,0
2023-03-14,84.82,3538,7.64,0,0,0
2023-03-15,92.82,4436,5.99,1,1,0
2023-03-16,71.9,3474,6.84,0,0,0
2023-03-17,89.11,3332,7.7,0,0,0
2023-03-18,85.44,3896,6.03,0,0,1
2023-03-19,83.5,3811,5.65,0,0,1
2023-03-20,85.46,3684,7.07,1,0,0
2023-03-21,75.06,3464,4.83,0,0,0
2023-03-22,83.9,3111,4.83,0,0,0
2023-03-23,86.79,3581,8.36,0,0,0
2023-03-24,92.39,3918,4.7,0,1,0
2023-03-25,82.41,3951,8.33,0,0,1
2023-03-26,80.96,4277,7.93,1,0,1
2023-03-27,82.49,3948,3.55,0,1,0
2023-03-28,89.58,3113,5.64,0,0,0
2023-03-29,86.64,4352,9.39,0,1,0
2023-03-30,82.35,3332,5.04,0,0,0
2023-03-31,87.57,3372,6.07,0,0,0
2023-04-01,85.49,4036,7.92,0,0,1
2023-04-02,89.84,4127,8.57,1,0,1
2023-04-03,81.49,3457,6.5,0,0,0
2023-04-04,83.36,3329,5.8,0,0,0
2023-04-05,83.04,3646,9.84,0,0,0
2023-04-06,77.68,3710,10.0,1,0,0
2023-04-07,86.48,3473,8.96,0,0,0
2023-04-08,86.31,3835,7.17,0,0,1
2023-04-09,85.03,4562,5.38,0,1,1
2023-04-10,83.83,4075,5.34,0,1,0
2023-04-11,77.92,3452,8.05,0,0,0
2023-04-12,82.9,3391,7.84,0,0,0
2023-04-13,83.29,3546,9.8,0,0,0
2023-04-14,80.99,3415,8.3,0,0,0
2023-04-15,84.19,4141,3.99,1,0,1
2023-04-16,87.02,4248,9.1,1,0,1
2023-04-17,94.43,2915,5.0,0,0,0
2023-04-18,85.87,3315,6.23,0,0,0
2023-04-19,86.29,3308,7.5,0,0,0
2023-04-20,84.63,3390,10.0,0,0,0
2023-04-21,75.41,3522,10.0,0,0,0
2023-04-22,84.87,4672,8.21,0,1,1
2023-04-23,85.3,4011,6.63,0,0,1
2023-04-24,97.32,3661,8.07,1,0,0
2023-04-25,84.04,3437,8.78,0,0,0
2023-04-26,86.51,3398,6.36,0,0,0
2023-04-27,84.83,3505,10.0,0,0,0
2023-04-28,79.16,3411,7.46,0,0,0
2023-04-29,90.71,3777,8.0,0,0,1
2023-04-30,88.76,3753,8.33,0,0,1
2023-05-01,88.96,3363,7.84,0,0,0
2023-05-02,80.45,3545,8.68,0,0,0
2023-05-03,92.01,3958,5.77,0,1,0
2023-05-04,77.99,3372,5.88,0,0,0
2023-05-05,87.93,3466,4.8,1,0,0
2023-05-06,95.95,4895,7.88,1,1,1
2023-05-07,80.05,4195,8.56,1,0,1
2023-05-08,82.17,3551,7.92,0,0,0
2023-05-09,85.5,3444,10.0,0,0,0
2023-05-10,82.48,3649,6.99,1,0,0
2023-05-11,77.25,4097,8.34,0,1,0
2023-05-12,85.34,3237,4.82,0,0,0
2023-05-13,79.69,4011,6.23,0,0,1
2023-05-14,87.37,3997,8.39,0,0,1
2023-05-15,80.4,3928,8.7,1,0,0
2023-05-16,92.75,3345,6.41,0,0,0
2023-05-17,81.08,3321,6.86,0,0,0
2023-05-18,83.39,3231,3.96,0,0,0
2023-05-19,89.07,3245,6.29,0,0,0
2023-05-20,78.85,4483,8.78,1,0,1
2023-05-21,86.14,4526,8.15,0,1,1
2023-05-22,91.54,3474,8.0,0,0,0
2023-05-23,76.96,3874,7.1,1,0,0
2023-05-24,85.92,3574,7.01,0,0,0
2023-05-25,86.3,3280,5.68,0,0,0
2023-05-26,88.91,3502,8.4,0,0,0
2023-05-27,78.82,4232,7.84,0,0,1
2023-05-28,78.4,3953,7.98,0,0,1
2023-05-29,87.61,3167,5.95,0,0,0
2023-05-30,86.48,2981,2.69,0,0,0
2023-05-31,86.25,4268,9.19,0,1,0
2023-06-01,86.73,3446,6.04,1,0,0
2023-06-02,81.6,3310,5.27,0,0,0
2023-06-03,86.16,4001,8.39,0,0,1
2023-06-04,86.47,3864,6.22,0,0,1
2023-06-05,81.43,3584,9.12,0,0,0
2023-06-06,94.33,3390,8.23,0,0,0
2023-06-07,87.37,3872,8.37,1,0,0
2023-06-08,79.04,3527,4.27,1,0,0
2023-06-09,88.28,3420,9.42,0,0,0
2023-06-10,80.13,4197,7.52,1,0,1
2023-06-11,88.94,3906,6.26,0,0,1
2023-06-12,90.79,3446,7.29,0,0,0
2023-06-13,80.9,3308,3.45,0,0,0
2023-06-14,89.82,3811,7.82,1,0,0
2023-06-15,87.06,3158,4.94,0,0,0
2023-06-16,89.11,3390,4.29,0,0,0
2023-06-17,94.48,3805,3.96,0,0,1
2023-06-18,83.77,4097,9.23,0,0,1
2023-06-19,81.23,3552,5.74,0,0,0
2023-06-20,80.55,3728,10.0,1,0,0
2023-06-21,80.92,3634,5.93,1,0,0
2023-06-22,84.61,3159,3.59,0,0,0
2023-06-23,86.71,3643,4.77,1,0,0
2023-06-24,86.38,3904,9.47,0,0,1
2023-06-25,89.14,4218,6.69,1,0,1
2023-06-26,85.07,3481,5.9,0,0,0
2023-06-27,92.27,3412,7.32,0,0,0
2023-06-28,83.68,3491,8.0,0,0,0
2023-06-29,98.6,4276,9.23,1,1,0
2023-06-30,88.13,3428,9.9,0,0,0
2023-07-01,80.71,4031,6.28,0,0,1
2023-07-02,79.65,3898,4.35,0,0,1
2023-07-03,87.41,3330,6.17,0,0,0
2023-07-04,83.88,3395,7.52,0,0,0
2023-07-05,88.57,3065,5.07,0,0,0
2023-07-06,87.37,3473,5.09,1,0,0
2023-07-07,84.64,3629,7.69,0,0,0
2023-07-08,80.77,3809,6.9,0,0,1
2023-07-09,77.43,3997,7.07,0,0,1
2023-07-10,82.77,3747,5.48,1,0,0
2023-07-11,89.28,3508,6.54,1,0,0
2023-07-12,86.07,3315,5.15,0,0,0
2023-07-13,78.77,3645,8.78,0,0,0
2023-07-14,85.87,3496,9.07,0,0,0
2023-07-15,86.93,3982,3.31,0,0,1
2023-07-16,80.58,3984,5.14,1,0,1
2023-07-17,85.77,3348,4.01,0,0,0
2023-07-18,85.29,3314,5.7,0,0,0
2023-07-19,79.29,3525,6.83,0,0,0
2023-07-20,86.79,3581,4.1,1,0,0
2023-07-21,87.8,3206,5.16,0,0,0
2023-07-22,90.42,3768,4.99,0,0,1
2023-07-23,90.27,4382,7.41,0,1,1
2023-07-24,78.11,3836,7.14,1,0,0
2023-07-25,80.31,3404,5.56,0,0,0
2023-07-26,87.58,3455,7.35,0,0,0
2023-07-27,87.57,3425,5.91,0,0,0
2023-07-28,87.58,3383,6.46,0,0,0
2023-07-29,104.26,3872,10.0,0,0,1
2023-07-30,87.85,3917,9.68,0,0,1
2023-07-31,90.68,3142,4.4,0,0,0
2023-08-01,89.77,3553,8.66,0,0,0
2023-08-02,88.26,3592,8.62,0,0,0
2023-08-03,83.42,3577,4.7,1,0,0
2023-08-04,88.79,3448,8.64,0,0,0
2023-08-05,81.14,4298,10.0,1,0,1
2023-08-06,83.82,3916,4.75,0,0,1
2023-08-07,82.57,3399,5.16,0,0,0
2023-08-08,85.41,3691,9.04,0,0,0
2023-08-09,96.57,3223,7.54,0,0,0
2023-08-10,75.66,3510,8.1,0,0,0
2023-08-11,88.43,3422,7.68,0,0,0
2023-08-12,76.94,4084,7.78,0,0,1
2023-08-13,82.64,4069,4.35,1,0,1
2023-08-14,90.44,3362,9.09,0,0,0
2023-08-15,85.32,4601,9.34,1,1,0
2023-08-16,79.61,3503,6.54,0,0,0
2023-08-17,81.42,3339,6.91,0,0,0
2023-08-18,88.4,3348,3.94,0,0,0
2023-08-19,81.35,4104,8.03,0,0,1
2023-08-20,86.08,3959,8.14,0,0,1
2023-08-21,85.23,3399,6.88,0,0,0
2023-08-22,81.74,3600,9.25,0,0,0
2023-08-23,95.72,3173,6.33,0,0,0
2023-08-24,88.17,4127,8.13,0,1,0
2023-08-25,74.87,4184,4.96,1,1,0
2023-08-26,85.93,4275,6.95,1,0,1
2023-08-27,81.69,3759,6.65,0,0,1
2023-08-28,89.26,3530,7.45,0,0,0
2023-08-29,81.04,3369,6.26,0,0,0
2023-08-30,84.43,3371,6.74,0,0,0
2023-08-31,87.52,3694,8.65,1,0,0
2023-09-01,89.33,3284,6.13,0,0,0
2023-09-02,79.0,3941,3.79,0,0,1
2023-09-03,83.33,3817,10.0,0,0,1
2023-09-04,82.63,3689,9.76,0,0,0
2023-09-05,81.73,3337,4.42,0,0,0
2023-09-06,93.83,3559,8.38,1,0,0
2023-09-07,87.02,3221,5.99,0,0,0
2023-09-08,78.7,4357,7.53,0,1,0
2023-09-09,89.59,4088,7.59,1,0,1
2023-09-10,95.61,3655,6.53,0,0,1
2023-09-11,90.16,3383,5.43,0,0,0
2023-09-12,77.4,3440,5.62,0,0,0
2023-09-13,82.58,3238,5.17,0,0,0
2023-09-14,91.33,3575,5.34,1,0,0
2023-09-15,81.46,3326,6.87,0,0,0
2023-09-16,87.22,4916,5.57,1,1,1
2023-09-17,88.87,4035,8.36,0,0,1
2023-09-18,80.37,3948,9.97,1,0,0
2023-09-19,84.7,3381,5.84,0,0,0
2023-09-20,68.79,4762,7.48,1,1,0
2023-09-21,79.88,3501,8.0,0,0,0
2023-09-22,83.74,3641,7.94,1,0,0
2023-09-23,78.76,4014,7.15,0,0,1
2023-09-24,93.16,4101,8.49,0,0,1
2023-09-25,77.85,3718,7.96,1,0,0
2023-09-26,82.8,3262,4.52,0,0,0
2023-09-27,85.65,4522,8.74,1,1,0
2023-09-28,92.21,3411,8.77,0,0,0
2023-09-29,77.82,3297,5.47,0,0,0
2023-09-30,90.82,4657,7.08,0,1,1
2023-10-01,85.05,4199,8.37,0,0,1
2023-10-02,80.09,3447,6.58,0,0,0
2023-10-03,87.31,3393,9.15,0,0,0
2023-10-04,86.0,3385,10.0,0,0,0
2023-10-05,82.0,3377,5.43,0,0,0
2023-10-06,85.35,3368,4.24,0,0,0
2023-10-07,83.07,3997,7.61,0,0,1
2023-10-08,85.57,3966,8.44,0,0,1
2023-10-09,88.31,3284,6.54,0,0,0
2023-10-10,92.93,3356,9.91,0,0,0
2023-10-11,78.81,3711,4.32,1,0,0
2023-10-12,95.67,4454,8.39,1,1,0
2023-10-13,75.24,3282,5.79,0,0,0
2023-10-14,84.24,4216,10.0,0,0,1
2023-10-15,87.94,4377,10.0,1,0,1
2023-10-16,86.4,3449,5.47,0,0,0
2023-10-17,81.89,3241,5.9,0,0,0
2023-10-18,83.96,4059,8.72,0,1,0
2023-10-19,82.53,3371,6.23,0,0,0
2023-10-20,82.05,3475,6.91,0,0,0
2023-10-21,89.25,4039,7.05,0,0,1
2023-10-22,86.79,4060,3.16,1,0,1
2023-10-23,81.54,3708,6.97,1,0,0
2023-10-24,89.5,3183,5.62,0,0,0
2023-10-25,86.54,3458,6.01,0,0,0
2023-10-26,89.06,3707,9.89,1,0,0
2023-10-27,88.15,3405,4.49,0,0,0
2023-10-28,80.86,3994,8.63,0,0,1
2023-10-29,82.2,4059,6.44,0,0,1
2023-10-30,88.74,3702,6.44,1,0,0
2023-10-31,88.05,3434,8.58,0,0,0
2023-11-01,84.9,3683,7.68,1,0,0
2023-11-02,85.59,3717,8.14,1,0,0
2023-11-03,91.39,3475,8.94,0,0,0
2023-11-04,82.04,3904,6.34,0,0,1
2023-11-05,87.74,3752,5.78,0,0,1
2023-11-06,83.99,3285,4.83,0,0,0
2023-11-07,83.91,3336,5.35,0,0,0
2023-11-08,90.49,3282,10.0,0,0,0
2023-11-09,89.13,3529,9.49,0,0,0
2023-11-10,89.07,3426,4.3,1,0,0
2023-11-11,91.53,3587,4.36,0,0,1
2023-11-12,85.11,3778,7.96,0,0,1
2023-11-13,88.41,3241,8.09,0,0,0
2023-11-14,83.45,4034,8.1,0,1,0
2023-11-15,86.62,3287,6.49,0,0,0
2023-11-16,84.35,3589,6.75,0,0,0
2023-11-17,85.48,3375,7.66,0,0,0
2023-11-18,87.98,4596,7.17,0,1,1
2023-11-19,80.91,3759,2.56,0,0,1
2023-11-20,95.46,3285,6.54,0,0,0
2023-11-21,79.97,3357,5.3,0,0,0
2023-11-22,78.93,3658,7.35,1,0,0
2023-11-23,90.79,4337,10.0,0,1,0
2023-11-24,88.96,4277,7.73,0,1,0
2023-11-25,88.12,3669,6.37,0,0,1
2023-11-26,88.14,4558,8.84,0,1,1
2023-11-27,84.94,3420,7.97,0,0,0
2023-11-28,80.51,3390,7.84,0,0,0
2023-11-29,85.38,3507,8.21,0,0,0
2023-11-30,81.61,3511,10.0,0,0,0
2023-12-01,89.88,3454,4.74,0,0,0
2023-12-02,84.26,4073,7.95,0,0,1
2023-12-03,80.87,3869,5.15,0,0,1
2023-12-04,83.39,3874,8.11,1,0,0
2023-12-05,87.06,3398,5.16,0,0,0
2023-12-06,82.18,3330,6.17,0,0,0
2023-12-07,80.89,3329,6.41,0,0,0
2023-12-08,86.22,3493,8.95,0,0,0
2023-12-09,86.22,4765,8.84,0,1,1
2023-12-10,82.47,3814,4.51,0,0,1
2023-12-11,82.64,3271,7.11,0,0,0
2023-12-12,86.16,3237,5.58,0,0,0
2023-12-13,77.76,3339,4.48,0,0,0
2023-12-14,77.96,3441,6.57,0,0,0
2023-12-15,81.41,3602,6.38,0,0,0
2023-12-16,83.93,3922,10.0,0,0,1
2023-12-17,86.55,4678,7.87,0,1,1
2023-12-18,92.38,3637,4.24,1,0,0
2023-12-19,89.29,3527,5.87,0,0,0
2023-12-20,84.2,3469,9.04,0,0,0
2023-12-21,84.9,3600,10.0,0,0,0
2023-12-22,79.99,3648,3.83,1,0,0
2023-12-23,84.91,3732,3.24,0,0,1
2023-12-24,83.56,4754,10.0,0,1,1
2023-12-25,86.61,3466,7.78,0,0,0
2023-12-26,80.86,3101,5.26,0,0,0
2023-12-27,87.6,3495,8.07,0,0,0
2023-12-28,92.66,3072,1.73,0,0,0
2023-12-29,84.46,3683,7.01,1,0,0
2023-12-30,87.01,4117,7.66,0,0,1
2023-12-31,88.45,3890,8.85,0,0,1
2024-01-01,82.99,3578,4.97,1,0,0
2024-01-02,86.12,4296,7.17,0,1,0
2024-01-03,85.06,3223,5.15,0,0,0
2024-01-04,85.49,4065,7.51,0,1,0
2024-01-05,81.13,3334,5.21,0,0,0
2024-01-06,85.12,3942,6.18,0,0,1
2024-01-07,87.49,4096,5.01,1,0,1
2024-01-08,92.26,3263,8.3,0,0,0
2024-01-09,89.8,3384,8.72,0,0,0
2024-01-10,95.77,3208,6.53,0,0,0
2024-01-11,81.16,3734,7.08,1,0,0
2024-01-12,89.36,3554,4.1,1,0,0
2024-01-13,85.92,4202,6.4,1,0,1
2024-01-14,95.95,3607,6.9,0,0,1
2024-01-15,80.96,3696,10.0,0,0,0
2024-01-16,80.8,3356,4.78,0,0,0
2024-01-17,82.0,3714,9.93,0,0,0
2024-01-18,74.38,3650,8.99,0,0,0
2024-01-19,82.37,3564,7.56,0,0,0
2024-01-20,81.2,4134,10.0,0,0,1
2024-01-21,85.75,4064,7.74,0,0,1
2024-01-22,86.71,3474,7.78,0,0,0
2024-01-23,94.38,3291,6.89,0,0,0
2024-01-24,89.75,3702,9.45,0,0,0
2024-01-25,82.12,3627,9.19,0,0,0
2024-01-26,80.51,3439,5.75,0,0,0
2024-01-27,87.46,3615,4.36,0,0,1
2024-01-28,78.4,3816,6.59,0,0,1
2024-01-29,94.16,3257,5.4,0,0,0
2024-01-30,90.9,3349,6.87,0,0,0
2024-01-31,82.65,3785,9.47,1,0,0
2024-02-01,76.43,3454,6.09,0,0,0
2024-02-02,91.77,3486,6.91,0,0,0
2024-02-03,84.43,3981,7.12,0,0,1
2024-02-04,91.19,3808,8.7,0,0,1
2024-02-05,77.03,3243,2.51,0,0,0
2024-02-06,82.0,3288,5.79,0,0,0
2024-02-07,85.03,3682,7.42,1,0,0
2024-02-08,85.23,3476,9.4,0,0,0
2024-02-09,82.75,3625,6.02,1,0,0
2024-02-10,88.11,3555,3.25,0,0,1
2024-02-11,79.66,4002,8.24,0,0,1
2024-02-12,84.29,3587,5.73,1,0,0
2024-02-13,85.6,2982,4.62,0,0,0
2024-02-14,87.57,3517,5.75,0,0,0
2024-02-15,88.56,3454,6.63,0,0,0
2024-02-16,79.38,3358,5.79,0,0,0
2024-02-17,77.33,3758,2.59,0,0,1
2024-02-18,91.39,3808,8.79,0,0,1
2024-02-19,86.66,4380,9.55,0,1,0
2024-02-20,81.26,3692,8.3,0,0,0
2024-02-21,92.76,3224,4.72,0,0,0
2024-02-22,85.58,3476,6.6,0,0,0
2024-02-23,90.9,3357,6.99,0,0,0
2024-02-24,85.34,3822,8.2,0,0,1
2024-02-25,95.3,3822,8.34,0,0,1
2024-02-26,93.78,3952,5.53,0,1,0
2024-02-27,83.76,3675,7.16,1,0,0
2024-02-28,89.86,4075,7.91,0,1,0
2024-02-29,88.23,3504,9.91,0,0,0
2024-03-01,91.84,3393,8.41,0,0,0
2024-03-02,80.18,4032,8.58,0,0,1
2024-03-03,88.43,3768,7.17,0,0,1
2024-03-04,90.29,3416,9.82,0,0,0
2024-03-05,76.21,3400,7.82,0,0,0
2024-03-06,79.08,3470,5.28,0,0,0
2024-03-07,74.8,3731,9.81,1,0,0
2024-03-08,83.65,3898,8.4,1,0,0
2024-03-09,88.59,4258,6.11,1,0,1
2024-03-10,92.51,3746,6.04,0,0,1
2024-03-11,85.37,3165,7.59,0,0,0
2024-03-12,93.14,3328,7.93,0,0,0
2024-03-13,78.1,3482,7.39,0,0,0
2024-03-14,76.48,3415,7.62,0,0,0
2024-03-15,84.72,3501,10.0,0,0,0
2024-03-16,86.92,4140,9.14,0,0,1
2024-03-17,84.84,3987,7.38,0,0,1
2024-03-18,74.66,3505,8.88,0,0,0
2024-03-19,84.55,3141,4.93,0,0,0
2024-03-20,78.48,3472,7.8,0,0,0
2024-03-21,88.35,3795,10.0,1,0,0
2024-03-22,86.83,4109,6.56,0,1,0
2024-03-23,80.3,3808,5.3,0,0,1
2024-03-24,82.43,3911,5.7,0,0,1
2024-03-25,79.7,3537,4.82,0,0,0
2024-03-26,84.69,3406,5.43,0,0,0
2024-03-27,89.78,3310,6.26,0,0,0
2024-03-28,80.07,3990,4.19,0,1,0
2024-03-29,87.52,3340,7.03,0,0,0
2024-03-30,82.35,4134,8.8,0,0,1
2024-03-31,81.04,3786,5.18,0,0,1
2024-04-01,84.46,3559,10.0,0,0,0
2024-04-02,79.82,3507,8.02,0,0,0
2024-04-03,82.23,3480,9.06,0,0,0
2024-04-04,79.01,3556,5.68,1,0,0
2024-04-05,94.82,3419,8.71,0,0,0
2024-04-06,85.18,4482,4.82,0,1,1
2024-04-07,81.5,4074,8.78,0,0,1
2024-04-08,86.07,3353,7.34,0,0,0
2024-04-09,84.44,3583,8.11,0,0,0
2024-04-10,83.9,3205,4.65,0,0,0
2024-04-11,88.07,3750,5.21,1,0,0
2024-04-12,88.79,3247,8.19,0,0,0
2024-04-13,82.35,3875,5.1,0,0,1
2024-04-14,82.12,4022,7.93,0,0,1
2024-04-15,83.62,3197,4.27,0,0,0
2024-04-16,73.49,3642,8.7,0,0,0
2024-04-17,77.42,3480,4.53,0,0,0
2024-04-18,91.83,3165,8.1,0,0,0
2024-04-19,93.22,3430,8.25,0,0,0
2024-04-20,83.75,3593,5.61,0,0,1
2024-04-21,87.88,4132,8.16,1,0,1
2024-04-22,86.56,3573,7.52,0,0,0
2024-04-23,100.39,3433,5.92,1,0,0
2024-04-24,90.6,3125,4.98,0,0,0
2024-04-25,84.36,3490,3.07,1,0,0
2024-04-26,80.22,3689,7.7,0,0,0
2024-04-27,76.97,3940,3.87,1,0,1
2024-04-28,86.02,4094,7.19,1,0,1
2024-04-29,81.22,3561,6.47,0,0,0
2024-04-30,77.89,4024,8.36,1,0,0
2024-05-01,81.77,4091,6.4,0,1,0
2024-05-02,79.59,3297,6.34,0,0,0
2024-05-03,93.44,3598,8.46,0,0,0
2024-05-04,89.41,4048,7.67,0,0,1
2024-05-05,84.96,3999,7.63,0,0,1
2024-05-06,92.4,3291,7.94,0,0,0
2024-05-07,85.39,3237,3.93,0,0,0
2024-05-08,80.69,4202,8.51,0,1,0
2024-05-09,92.62,3718,8.22,1,0,0
2024-05-10,87.69,3416,4.97,0,0,0
2024-05-11,79.81,4015,6.51,0,0,1
2024-05-12,84.05,3797,6.92,0,0,1
2024-05-13,80.62,3567,6.73,0,0,0
2024-05-14,78.09,3533,7.67,0,0,0
2024-05-15,89.63,3565,9.86,0,0,0
2024-05-16,94.55,3559,9.16,0,0,0
2024-05-17,78.01,3527,4.38,1,0,0
2024-05-18,87.81,3930,8.24,0,0,1
2024-05-19,81.75,4012,9.66,0,0,1
2024-05-20,82.56,3306,7.77,0,0,0
2024-05-21,82.04,3573,9.18,0,0,0
2024-05-22,80.68,3844,10.0,0,0,0
2024-05-23,85.24,3315,9.05,0,0,0
2024-05-24,80.85,3463,7.5,0,0,0
2024-05-25,86.35,4055,9.09,0,0,1
2024-05-26,84.75,4229,7.29,1,0,1
2024-05-27,83.81,3703,7.05,1,0,0
2024-05-28,80.46,3280,6.3,0,0,0
2024-05-29,82.12,3602,10.0,0,0,0
2024-05-30,88.78,3204,5.36,0,0,0
2024-05-31,87.5,3305,10.0,0,0,0
2024-06-01,80.11,4118,8.0,0,0,1
2024-06-02,85.5,4550,4.2,0,1,1
2024-06-03,88.76,3404,7.74,0,0,0
2024-06-04,76.65,3296,2.8,0,0,0
2024-06-05,87.72,3542,8.25,0,0,0
2024-06-06,81.69,3844,8.77,1,0,0
2024-06-07,87.85,3702,5.82,1,0,0
2024-06-08,81.18,3920,7.25,0,0,1
2024-06-09,75.98,4971,10.0,0,1,1
2024-06-10,76.86,3762,5.99,1,0,0
2024-06-11,85.24,3311,4.88,0,0,0
2024-06-12,86.3,3408,9.96,0,0,0
2024-06-13,80.48,3623,10.0,0,0,0
2024-06-14,88.19,3285,7.01,0,0,0
2024-06-15,76.69,4020,9.02,0,0,1
2024-06-16,84.67,4255,9.68,1,0,1
2024-06-17,78.94,3579,5.52,1,0,0
2024-06-18,81.74,3596,6.03,0,0,0
2024-06-19,85.24,3653,9.46,0,0,0
2024-06-20,80.7,4785,10.0,1,1,0
2024-06-21,83.08,3353,8.13,0,0,0
2024-06-22,90.03,4068,5.24,1,0,1
2024-06-23,82.12,3949,10.0,0,0,1
2024-06-24,89.18,3935,5.94,0,1,0
2024-06-25,79.35,4031,6.33,0,1,0
2024-06-26,87.65,3531,7.68,0,0,0
2024-06-27,92.21,3438,10.0,0,0,0
2024-06-28,72.64,3715,8.71,0,0,0
2024-06-29,81.02,4041,7.83,0,0,1
2024-06-30,87.89,4147,7.93,0,0,1
2024-07-01,83.98,3266,7.09,0,0,0
2024-07-02,86.86,3863,8.12,1,0,0
2024-07-03,81.98,3591,1.94,1,0,0
2024-07-04,85.43,3268,6.41,0,0,0
2024-07-05,84.22,3832,7.48,1,0,0
2024-07-06,90.84,3760,4.7,0,0,1
2024-07-07,86.27,3903,7.77,0,0,1
2024-07-08,86.69,3580,6.59,1,0,0
2024-07-09,82.94,3498,10.0,0,0,0
2024-07-10,82.56,3779,10.0,0,0,0
2024-07-11,82.84,4375,6.07,1,1,0
2024-07-12,86.97,3443,6.7,0,0,0
2024-07-13,82.9,4134,6.85,1,0,1
2024-07-14,86.45,4062,6.1,1,0,1
2024-07-15,95.38,3423,7.39,0,0,0
2024-07-16,89.36,3445,5.48,1,0,0
2024-07-17,83.37,3261,4.74,0,0,0
2024-07-18,91.01,4105,8.25,0,1,0
2024-07-19,82.96,3494,8.26,0,0,0
2024-07-20,74.81,4903,5.39,1,1,1
2024-07-21,79.96,4079,8.79,0,0,1
2024-07-22,75.65,3499,5.74,0,0,0
2024-07-23,83.24,4216,7.51,0,1,0
2024-07-24,85.09,3382,8.64,0,0,0
2024-07-25,93.38,3284,6.93,0,0,0
2024-07-26,86.63,3548,7.91,0,0,0
2024-07-27,83.9,3948,5.97,0,0,1
2024-07-28,89.15,3701,6.61,0,0,1
2024-07-29,73.94,3825,6.59,1,0,0
2024-07-30,86.18,3115,5.51,0,0,0
2024-07-31,88.85,3348,6.65,0,0,0
2024-08-01,77.61,3808,3.9,1,0,0
2024-08-02,90.72,3198,6.02,0,0,0
2024-08-03,86.69,4071,6.43,1,0,1
2024-08-04,82.92,3971,6.49,0,0,1
2024-08-05,88.16,3489,6.52,1,0,0
2024-08-06,96.35,3917,6.88,0,1,0
2024-08-07,85.91,3498,7.96,0,0,0
2024-08-08,86.24,3411,8.75,0,0,0
2024-08-09,82.7,3634,5.7,1,0,0
2024-08-10,80.75,3896,4.59,0,0,1
2024-08-11,89.15,4496,4.92,0,1,1
2024-08-12,80.72,3420,6.03,0,0,0
2024-08-13,85.36,3327,6.3,0,0,0
2024-08-14,82.61,3383,5.46,0,0,0
2024-08-15,87.39,3234,4.41,0,0,0
2024-08-16,86.67,3683,6.09,1,0,0
2024-08-17,90.19,3816,7.36,0,0,1
2024-08-18,82.45,3966,8.19,0,0,1
2024-08-19,83.65,3258,5.89,0,0,0
2024-08-20,80.11,3404,6.17,0,0,0
2024-08-21,82.78,3248,5.15,0,0,0
2024-08-22,86.89,3266,6.94,0,0,0
2024-08-23,88.78,4003,5.3,0,1,0
2024-08-24,80.39,4024,8.15,0,0,1
2024-08-25,89.35,4456,3.43,0,1,1
2024-08-26,91.78,3553,6.28,1,0,0
2024-08-27,87.07,3750,7.6,1,0,0
2024-08-28,94.38,3379,7.37,0,0,0
2024-08-29,81.13,3933,10.0,1,0,0
2024-08-30,78.78,3414,7.7,0,0,0
2024-08-31,76.11,3903,4.99,0,0,1
2024-09-01,92.48,3852,6.81,0,0,1
2024-09-02,88.27,3190,3.45,0,0,0
2024-09-03,84.72,3186,6.84,0,0,0
2024-09-04,86.4,3318,5.33,0,0,0
2024-09-05,79.37,3769,8.83,0,0,0
2024-09-06,97.23,3186,5.9,0,0,0
2024-09-07,85.65,3809,6.77,0,0,1
2024-09-08,85.55,3868,5.73,0,0,1
2024-09-09,88.63,4244,10.0,0,1,0
2024-09-10,87.41,3463,6.36,0,0,0
2024-09-11,86.12,3713,10.0,1,0,0
2024-09-12,81.05,4594,8.63,1,1,0
2024-09-13,87.36,3483,7.96,0,0,0
2024-09-14,94.41,4128,7.74,1,0,1
2024-09-15,91.73,3905,7.79,0,0,1
2024-09-16,92.97,3230,3.14,0,0,0
2024-09-17,82.44,3484,6.44,0,0,0
2024-09-18,80.05,3419,8.69,0,0,0
2024-09-19,84.37,3783,6.9,1,0,0
2024-09-20,85.28,3250,4.19,0,0,0
2024-09-21,90.47,4547,6.9,0,1,1
2024-09-22,76.54,4141,10.0,0,0,1
2024-09-23,92.65,3433,9.49,0,0,0
2024-09-24,84.21,3820,6.88,1,0,0
2024-09-25,82.87,3508,8.9,0,0,0
2024-09-26,79.94,3301,6.27,0,0,0
2024-09-27,76.73,3273,3.59,0,0,0
2024-09-28,89.12,3784,5.15,0,0,1
2024-09-29,85.37,4169,10.0,0,0,1
2024-09-30,78.55,3497,6.45,0,0,0
2024-10-01,78.52,3355,6.51,0,0,0
2024-10-02,83.32,3635,6.4,0,0,0
2024-10-03,93.35,3793,10.0,1,0,0
2024-10-04,83.7,3990,10.0,1,0,0
2024-10-05,77.48,4109,10.0,0,0,1
2024-10-06,83.77,3949,6.68,0,0,1
2024-10-07,83.64,3527,7.59,0,0,0
2024-10-08,71.52,3504,3.97,0,0,0
2024-10-09,84.73,3656,9.95,0,0,0
2024-10-10,83.85,3381,4.66,0,0,0
2024-10-11,88.48,3355,7.43,0,0,0
2024-10-12,94.24,3640,4.81,0,0,1
2024-10-13,90.63,3818,5.82,0,0,1
2024-10-14,83.66,3423,5.33,0,0,0
2024-10-15,79.47,3372,5.78,0,0,0
2024-10-16,97.87,3323,5.92,0,0,0
2024-10-17,85.3,3487,5.9,0,0,0
2024-10-18,85.07,4091,8.67,0,1,0
2024-10-19,84.88,3707,4.79,0,0,1
2024-10-20,85.99,4598,7.44,0,1,1
2024-10-21,84.28,3559,9.44,0,0,0
2024-10-22,82.13,3324,5.97,0,0,0
2024-10-23,82.27,3790,5.56,1,0,0
2024-10-24,84.84,3420,6.54,0,0,0
2024-10-25,82.28,3549,9.36,0,0,0
2024-10-26,81.44,3811,7.39,0,0,1
2024-10-27,85.53,3709,5.94,0,0,1
2024-10-28,83.73,3489,7.97,0,0,0
2024-10-29,92.52,3001,4.8,0,0,0
2024-10-30,71.75,3701,8.36,0,0,0
2024-10-31,90.46,3670,7.82,1,0,0
2024-11-01,91.23,3631,6.38,0,0,0
2024-11-02,74.63,4150,5.32,0,0,1
2024-11-03,83.29,4110,5.23,1,0,1
2024-11-04,83.14,3461,8.07,0,0,0
2024-11-05,77.96,3992,9.46,1,0,0
2024-11-06,81.11,4245,5.73,0,1,0
2024-11-07,79.45,3637,7.92,1,0,0
2024-11-08,93.76,2925,2.83,0,0,0
2024-11-09,89.68,3732,5.83,0,0,1
2024-11-10,91.36,3891,6.94,0,0,1
2024-11-11,88.61,3322,5.18,0,0,0
2024-11-12,79.35,3469,5.13,0,0,0
2024-11-13,82.38,3239,5.66,0,0,0
2024-11-14,87.45,3873,7.58,0,1,0
2024-11-15,78.89,3528,6.63,0,0,0
2024-11-16,88.56,3557,2.52,0,0,1
2024-11-17,83.8,3498,2.76,0,0,1
2024-11-18,83.13,3672,5.79,1,0,0
2024-11-19,88.55,3489,7.92,0,0,0
2024-11-20,87.22,3390,1.5,1,0,0
2024-11-21,83.2,3322,6.0,0,0,0
2024-11-22,90.8,3273,5.95,0,0,0
2024-11-23,79.59,4055,9.78,0,0,1
2024-11-24,88.08,3695,6.23,0,0,1
2024-11-25,87.97,3337,7.77,0,0,0
2024-11-26,83.45,3481,7.28,0,0,0
2024-11-27,86.63,3202,2.74,0,0,0
2024-11-28,78.74,3856,8.54,1,0,0
2024-11-29,89.62,3275,7.43,0,0,0
2024-11-30,84.08,3941,8.02,0,0,1
2024-12-01,82.39,3858,10.0,0,0,1
2024-12-02,90.25,3156,2.83,0,0,0
2024-12-03,81.48,4428,10.0,0,1,0
2024-12-04,77.96,3294,6.43,0,0,0
2024-12-05,77.22,3447,7.57,0,0,0
2024-12-06,88.03,3398,6.91,0,0,0
2024-12-07,78.6,4046,6.15,0,0,1
2024-12-08,93.77,4010,5.86,1,0,1
2024-12-09,74.59,3767,7.66,1,0,0
2024-12-10,93.48,2966,3.97,0,0,0
2024-12-11,86.06,3474,8.5,0,0,0
2024-12-12,84.52,3567,6.17,0,0,0
2024-12-13,82.28,3641,4.74,1,0,0
2024-12-14,87.0,3832,6.1,0,0,1
2024-12-15,84.81,4059,9.51,0,0,1
2024-12-16,90.52,3290,5.93,0,0,0
2024-12-17,85.57,3348,7.72,0,0,0
2024-12-18,85.75,4101,5.54,0,1,0
2024-12-19,83.18,3516,8.52,0,0,0
2024-12-20,84.72,3473,8.37,0,0,0
2024-12-21,86.54,3937,10.0,0,0,1
2024-12-22,76.45,4098,6.65,0,0,1
2024-12-23,78.26,3600,8.34,0,0,0
2024-12-24,88.72,3317,7.2,0,0,0
2024-12-25,85.85,3621,9.59,0,0,0
2024-12-26,84.08,3587,5.56,1,0,0
2024-12-27,85.09,3395,8.49,0,0,0
2024-12-28,86.74,3787,6.61,0,0,1
2024-12-29,82.3,3743,6.87,0,0,1
2024-12-30,81.11,4195,7.18,0,1,0
2024-12-31,85.98,3232,7.5,0,0,0
2025-01-01,80.11,3314,6.77,0,0,0
2025-01-02,87.04,4193,7.43,1,1,0
2025-01-03,76.49,3626,10.0,0,0,0
2025-01-04,90.15,3932,8.97,0,0,1
2025-01-05,87.36,3930,8.74,0,0,1
2025-01-06,86.28,3237,6.09,0,0,0
2025-01-07,89.91,3144,5.22,0,0,0
2025-01-08,93.33,3458,8.91,0,0,0
2025-01-09,90.07,3381,8.75,0,0,0
2025-01-10,75.8,4370,9.95,0,1,0
2025-01-11,78.6,3815,5.79,0,0,1
2025-01-12,81.88,3926,6.54,0,0,1
2025-01-13,85.13,3365,3.72,0,0,0
2025-01-14,87.59,3393,6.22,0,0,0
2025-01-15,81.37,3794,8.99,1,0,0
2025-01-16,85.93,4069,6.07,0,1,0
2025-01-17,81.22,3477,8.28,0,0,0
2025-01-18,81.94,3912,6.62,0,0,1
2025-01-19,77.97,3970,7.65,0,0,1
2025-01-20,80.38,3314,4.7,0,0,0
2025-01-21,78.24,3497,7.17,0,0,0
2025-01-22,80.12,3350,1.02,1,0,0
2025-01-23,90.27,3227,6.63,0,0,0
2025-01-24,80.25,3145,3.74,0,0,0
2025-01-25,98.16,3728,9.41,0,0,1
2025-01-26,87.47,4831,8.55,1,1,1
2025-01-27,85.92,3453,7.93,0,0,0
2025-01-28,80.71,3503,10.0,0,0,0
2025-01-29,88.5,3321,5.1,0,0,0
2025-01-30,82.12,3582,10.0,0,0,0
2025-01-31,85.61,3290,8.86,0,0,0
2025-02-01,97.8,3813,6.53,0,0,1
2025-02-02,84.52,4099,9.27,0,0,1
2025-02-03,90.75,3132,4.79,0,0,0
2025-02-04,81.48,3394,5.35,0,0,0
2025-02-05,84.83,3955,5.78,0,1,0
2025-02-06,93.85,3968,5.94,0,1,0
2025-02-07,81.87,3499,4.89,1,0,0
2025-02-08,94.06,4052,9.45,1,0,1
2025-02-09,88.54,3800,6.48,0,0,1
2025-02-10,82.19,3751,7.71,1,0,0
2025-02-11,88.16,3271,5.86,0,0,0
2025-02-12,89.86,3050,3.36,0,0,0
2025-02-13,88.11,3355,7.54,0,0,0
2025-02-14,77.15,3314,3.18,0,0,0
2025-02-15,81.36,3925,6.86,0,0,1
2025-02-16,83.76,3793,4.26,0,0,1
2025-02-17,84.63,3486,10.0,0,0,0
2025-02-18,88.1,3577,8.82,0,0,0
2025-02-19,85.89,3284,7.21,0,0,0
2025-02-20,78.32,3641,9.53,0,0,0
2025-02-21,86.9,3414,5.31,0,0,0
2025-02-22,88.05,3971,8.09,0,0,1
2025-02-23,87.8,4171,7.4,1,0,1
2025-02-24,90.4,3619,7.53,1,0,0
2025-02-25,89.17,3589,9.54,0,0,0
2025-02-26,87.3,3607,8.46,1,0,0
2025-02-27,84.65,3335,7.58,0,0,0
2025-02-28,76.7,3577,3.69,1,0,0
2025-03-01,87.15,3906,5.08,0,0,1
2025-03-02,86.04,4615,6.75,0,1,1
2025-03-03,86.36,3298,7.19,0,0,0
2025-03-04,78.62,3319,4.74,0,0,0
2025-03-05,79.59,3542,10.0,0,0,0
2025-03-06,90.27,3426,10.0,0,0,0
2025-03-07,84.8,3560,8.2,0,0,0
2025-03-08,88.41,3735,7.14,0,0,1
2025-03-09,85.14,4038,6.58,0,0,1
2025-03-10,85.15,3686,5.1,1,0,0
2025-03-11,89.69,3469,7.15,0,0,0
2025-03-12,82.42,3405,7.52,0,0,0
2025-03-13,85.48,3256,4.52,0,0,0
2025-03-14,82.69,3313,7.67,0,0,0
2025-03-15,82.83,3853,6.69,0,0,1
2025-03-16,83.45,4074,3.18,1,0,1
2025-03-17,86.11,3432,5.28,0,0,0
2025-03-18,82.61,3271,6.17,0,0,0
2025-03-19,91.28,4450,10.0,1,1,0
2025-03-20,80.53,3485,8.11,0,0,0
2025-03-21,84.07,3136,4.33,0,0,0
2025-03-22,82.8,4029,7.97,0,0,1
2025-03-23,92.23,3600,3.91,0,0,1
2025-03-24,85.98,3478,9.17,0,0,0
2025-03-25,90.16,3956,6.06,0,1,0
2025-03-26,77.57,3385,6.81,0,0,0
2025-03-27,86.34,3818,9.65,1,0,0
2025-03-28,89.45,3205,4.43,0,0,0
2025-03-29,85.41,3718,4.21,0,0,1
2025-03-30,90.33,3715,5.83,0,0,1
2025-03-31,82.41,3561,9.08,0,0,0
2025-04-01,92.05,3342,3.96,0,0,0
2025-04-02,96.49,3015,1.34,0,0,0
2025-04-03,83.19,3772,6.1,1,0,0
2025-04-04,82.77,3338,8.1,0,0,0
2025-04-05,92.27,3963,9.4,0,0,1
2025-04-06,92.9,3664,6.07,0,0,1
2025-04-07,82.39,3237,6.18,0,0,0
2025-04-08,82.9,3462,9.31,0,0,0
2025-04-09,83.59,3346,3.26,0,0,0
2025-04-10,78.28,3523,6.22,0,0,0
2025-04-11,80.41,3489,7.38,0,0,0
2025-04-12,79.98,4141,7.9,1,0,1
2025-04-13,81.16,4167,5.98,1,0,1
2025-04-14,84.83,3435,7.07,0,0,0
2025-04-15,86.17,3457,2.02,1,0,0
2025-04-16,92.75,3072,5.68,0,0,0
2025-04-17,80.01,3706,7.91,1,0,0
2025-04-18,89.92,3246,5.04,0,0,0
2025-04-19,83.93,4270,7.12,1,0,1
2025-04-20,84.75,4027,7.89,1,0,1
2025-04-21,88.37,3315,6.31,0,0,0
2025-04-22,79.39,3787,7.34,1,0,0
2025-04-23,86.91,3369,5.07,0,0,0
2025-04-24,85.83,3440,6.59,0,0,0
2025-04-25,87.46,3494,8.22,0,0,0
2025-04-26,86.45,3821,7.31,0,0,1
2025-04-27,97.28,3527,5.83,0,0,1
2025-04-28,81.81,3415,7.45,0,0,0
2025-04-29,82.35,3898,8.43,1,0,0
2025-04-30,81.88,3365,2.9,0,0,0
